condition,curvature,weighting,loss_aversion,inverse_temperature,label_bias,fit_rmse,converged,boundary_parameters,label_gap,min_answer_mass,layer,answer_mass_below_0_95_count,max_relative_norm_error,requested_norm,scale_family,cosine_readout,cosine_persona,planted_probability_rmse,cpt_predictive_rmse,action_predictive_rmse
baseline,0.5042392143119182,1.5,0.3,9.49778632917947,-1.287713737896933,0.30218934918782525,True,"weighting,loss_aversion",0.24348050216910078,0.5001226663589478,,31,,,,,,,0.31631052136990934,1.932926961091666e-08
combined_mean_delta_fitted_magnitude,0.5222241251572659,1.1819005389705075,0.6690018540777387,3.836824830196803,0.2673155363525238,0.1619892993523889,True,,0.12542721330505124,0.9998393654823303,50,0,0.0001301868451324406,7.06171178817749,discovery_fitted_magnitude,0.067726269364357,-0.0030859513208270073,0.22440421972048233,0.17347608483773236,0.20393287786462758
combined_mean_delta_sign+1,0.512331169315316,1.5,0.3,8.842496274615655,-0.9431138650182025,0.30494370738459253,True,"weighting,loss_aversion",0.2064013252770261,0.9712649583816528,50,0,0.0007693766630438859,1.0,common_norm,0.067726269364357,-0.0030859513208270073,0.40505159594024476,0.319476619715127,0.03509827076157652
combined_mean_delta_sign-1,0.4958441383370901,1.5,0.3,9.62883672784572,-1.4866576862894623,0.30475131193022065,True,"weighting,loss_aversion",0.2844443269669221,0.012578249908983707,50,58,0.0007777213123176807,1.0,common_norm,0.067726269364357,-0.0030859513208270073,,0.31563920384562555,0.026281945200895974
combined_sae_preference_k10_fitted_magnitude,0.5075135423868662,1.494623012975726,0.3,8.708298556449568,-0.8921189596432327,0.3154618545192402,True,loss_aversion,0.2061451891372434,0.9542624950408936,50,0,0.0006128610532636358,1.6239869594573975,discovery_fitted_magnitude,0.03712218254804611,0.05335883051156998,0.41176352876340166,0.3296190017122157,0.05136601740170859
combined_sae_preference_k10_sign+1,0.5086053151541189,1.5,0.3,9.069435389283129,-1.0393806402121568,0.3089739043171611,True,"weighting,loss_aversion",0.21776227204004753,0.9052268266677856,50,4,0.0016211271286010742,1.0,common_norm,0.03712218254804611,0.05335883051156998,0.4138597872323156,0.3229509724384171,0.029876907369263118
combined_sae_preference_k10_sign-1,0.4969671141005878,1.5,0.3,9.63079551922879,-1.482746785420737,0.3003336910191289,True,"weighting,loss_aversion",0.28181671326897856,0.025294331833720207,50,68,0.0017857551574707031,1.0,common_norm,0.03712218254804611,0.05335883051156998,,0.3117930487652939,0.02033581944516602
combined_sae_preference_k1_fitted_magnitude,0.5031158965841094,1.5,0.3,9.560286933153371,-1.3511824983318996,0.3019515478762288,True,"weighting,loss_aversion",0.2531498327417048,0.7502995133399963,50,18,0.001648638870713759,0.7865270376205444,discovery_fitted_magnitude,-0.0075590480118989944,-0.0002336893230676651,0.42510926579998864,0.31567122038097567,0.010445566308403023
combined_sae_preference_k1_sign+1,0.503163883043755,1.5,0.3,9.547647967345279,-1.3580831858302769,0.30188855629846756,True,"weighting,loss_aversion",0.25513012822263137,0.7687746286392212,50,14,0.0011867284774780273,1.0,common_norm,-0.0075590480118989944,-0.0002336893230676651,0.4248080722944618,0.3152861519811104,0.012738451502729734
combined_sae_preference_k1_sign-1,0.5070567646594362,1.5,0.3,9.330397498452022,-1.20093975640321,0.3048767322621813,True,"weighting,loss_aversion",0.23444451675002279,0.21824461221694946,50,49,0.0012292861938476562,1.0,common_norm,-0.0075590480118989944,-0.0002336893230676651,,0.3191504940616507,0.016011529210138122
combined_sae_preference_k3_fitted_magnitude,0.5090954291428728,1.5,0.3,9.166047051797824,-1.024641353329012,0.3122838506891826,True,"weighting,loss_aversion",0.214128099950932,0.8810572028160095,50,3,0.0010141790972351128,1.1054884195327759,discovery_fitted_magnitude,0.004857169464230537,0.04903124272823334,0.41409658918179854,0.3260634151935104,0.026010423395468784
combined_sae_preference_k3_sign+1,0.510135183567144,1.5,0.3,9.147923721706535,-1.0435526977943084,0.3115808146443553,True,"weighting,loss_aversion",0.21624316754407108,0.8810572028160095,50,5,0.0017014741897583008,1.0,common_norm,0.004857169464230537,0.04903124272823334,0.4143640237833508,0.325217861290952,0.02212451372560455
combined_sae_preference_k3_sign-1,0.49618892743378085,1.5,0.3,9.674037033867668,-1.4672563807747232,0.298071548996667,True,"weighting,loss_aversion",0.2773666463015088,0.06802672892808914,50,70,0.0017222166061401367,1.0,common_norm,0.004857169464230537,0.04903124272823334,,0.3100508564320298,0.00902863233808318
creativity_triple_sign+1,0.5024570038502129,1.490965779417571,0.3,9.532820694784997,-1.306906052290645,0.3017288012564751,True,loss_aversion,0.2475902642659362,0.5622965693473816,50,33,0.0010551214218139648,1.0,common_norm,0.02039952203631401,0.042773496359586716,,0.3153393520933859,0.012212885943633746
creativity_triple_sign-1,0.5041740815708879,1.5,0.3,9.496995454571975,-1.2707107567302407,0.3027015766654079,True,"weighting,loss_aversion",0.2415718936950312,0.5001073479652405,50,30,0.0009386539459228516,1.0,common_norm,0.02039952203631401,0.042773496359586716,,0.31691844397350705,0.009729340433780046
curvature_only_mean_delta_fitted_magnitude,0.5147102138028483,1.2125548747590058,0.4065832650827321,3.9719018101181436,0.38471398831544956,0.1540741516019025,True,,0.15812499471034647,0.9999859929084778,50,0,0.00011952432684791958,8.497543334960938,discovery_fitted_magnitude,0.0952901691198349,0.029362155124545097,0.19336836686829967,0.16372057076820246,0.20454235391245976
curvature_only_mean_delta_sign+1,0.515201121293222,1.493636595797615,0.3,9.048539370722587,-1.0627958558810704,0.3018093957555932,True,loss_aversion,0.2163308155980541,0.9877213835716248,50,0,0.0010625720657451154,1.0,common_norm,0.0952901691198349,0.029362155124545097,0.37193403864068403,0.31539840279431547,0.021630486043034976
curvature_only_mean_delta_sign-1,0.4979976951645563,1.5,0.3,9.593401110139054,-1.4425778535407623,0.30737804609853875,True,"weighting,loss_aversion",0.2716931613067307,0.0033471286296844482,50,80,0.0012124181516419696,1.0,common_norm,0.0952901691198349,0.029362155124545097,,0.31973523490192207,0.022838371989228355
curvature_only_sae_preference_k10_fitted_magnitude,0.4923961274291551,1.4600313430449852,0.3,8.379296280746738,-0.7832121164283173,0.321569170213387,True,loss_aversion,0.21107543812036195,0.9308749437332153,50,1,0.0005723559780179688,1.9925979375839233,discovery_fitted_magnitude,0.03651930391788483,0.060755494982004166,0.3764016683260073,0.3357205556455915,0.08933474693659385
curvature_only_sae_preference_k10_sign+1,0.5047960928829247,1.5,0.3,9.02900813170273,-1.0265487992456734,0.3088998618339527,True,"weighting,loss_aversion",0.22172762599733503,0.8527988791465759,50,7,0.0009003878713116364,1.0,common_norm,0.03651930391788483,0.060755494982004166,0.3773004902401431,0.32267424744645773,0.039858844900626036
curvature_only_sae_preference_k10_sign-1,0.49873910077217987,1.5,0.3,9.640628339747074,-1.4493670429584233,0.3039649813074918,True,"weighting,loss_aversion",0.27257195843215054,0.04015365242958069,50,62,0.0006968975897905239,1.0,common_norm,0.03651930391788483,0.060755494982004166,,0.31648782111257145,0.02233537388883232
curvature_only_sae_preference_k1_fitted_magnitude,0.508650201906402,1.5,0.3,9.471819587700999,-1.223730747891904,0.3035991800248975,True,"weighting,loss_aversion",0.23531739666973028,0.5698280930519104,50,29,0.0011607298271976152,0.996466338634491,discovery_fitted_magnitude,0.007108280435204506,0.047630976885557175,0.38269826814244107,0.3174553367735385,0.015853020580251342
curvature_only_sae_preference_k1_sign+1,0.5093400081103263,1.5,0.3,9.416475584216903,-1.2201208479311392,0.3037054475092664,True,"weighting,loss_aversion",0.23597951805527104,0.5626501441001892,50,27,0.0007409453833666646,1.0,common_norm,0.007108280435204506,0.047630976885557175,0.3824286660015049,0.31745260746601106,0.016741819845632028
curvature_only_sae_preference_k1_sign-1,0.5013391933778805,1.5,0.3,9.530826266526805,-1.3232975478996443,0.30250626301160366,True,"weighting,loss_aversion",0.2486727178122057,0.47174692153930664,50,33,0.0006774068282489054,1.0,common_norm,0.007108280435204506,0.047630976885557175,,0.31666288166977613,0.010552913077438516
curvature_only_sae_preference_k3_fitted_magnitude,0.5024858638084948,1.4989969492828261,0.3,9.342459441693691,-1.2377567973673251,0.2993745130506366,True,"weighting,loss_aversion",0.24264344183303632,0.7318588495254517,50,15,0.0009872852831702694,1.4296152591705322,discovery_fitted_magnitude,0.059979721903800964,0.06067577749490738,0.38331705964614404,0.31234989302630084,0.03192550959101304
curvature_only_sae_preference_k3_sign+1,0.5032071563964341,1.5,0.3,9.449924034329404,-1.2545766747321112,0.3004459399619876,True,"weighting,loss_aversion",0.2431832689421234,0.6797175407409668,50,18,0.0013329387505613965,1.0,common_norm,0.059979721903800964,0.06067577749490738,0.3845840748874539,0.3137057688590357,0.024218256311771668
curvature_only_sae_preference_k3_sign-1,0.5053388286684324,1.5,0.3,9.526852594565664,-1.2996225738747842,0.30272820996943395,True,"weighting,loss_aversion",0.24370550540646585,0.14497250318527222,50,53,0.001517236323191895,1.0,common_norm,0.059979721903800964,0.06067577749490738,,0.3179787996631456,0.021245316348504736
feature_13142_sign+1,0.5031456251299694,1.4939399564157168,0.3,9.511930401287618,-1.3014014326366838,0.3019910058141002,True,loss_aversion,0.24612781404172865,0.4379286766052246,50,35,0.0008215904235839844,1.0,common_norm,0.014409721828997135,0.011124801822006702,,0.316383190483991,0.012152915663218562
feature_13142_sign-1,0.5050433013208756,1.5,0.3,9.497654696692328,-1.2878597986445137,0.3021512368667173,True,"weighting,loss_aversion",0.24387082840680538,0.5776807069778442,50,29,0.0008131265640258789,1.0,common_norm,0.014409721828997135,0.011124801822006702,,0.3162943638883989,0.012045795755355167
feature_184_sign+1,0.5038388292151658,1.5,0.3,9.508817427835812,-1.3353268222961743,0.30091220258958834,True,"weighting,loss_aversion",0.25214207847208087,0.41487395763397217,50,39,0.0009509317092273317,1.0,common_norm,0.011562476865947247,0.016562631353735924,,0.31474872219849476,0.012188838075262661
feature_184_sign-1,0.504646336297707,1.5,0.3,9.449977686694268,-1.2572413066098924,0.30339548389605536,True,"weighting,loss_aversion",0.23977904386655685,0.6225742101669312,50,23,0.0008622400718116818,1.0,common_norm,0.011562476865947247,0.016562631353735924,,0.3174966880865097,0.012613402711340961
feature_20117_sign+1,0.5024994358195104,1.4877248468837327,0.3,9.494274263990457,-1.275269829367289,0.3024264074559297,True,loss_aversion,0.24232130912380137,0.40141192078590393,50,36,0.0009078970833806821,1.0,common_norm,0.01764444261789322,0.04916633665561676,,0.3168870739044959,0.013453834884117721
feature_20117_sign-1,0.5032647692919522,1.5,0.3,9.533833023710253,-1.2909655611604816,0.30213048172105655,True,"weighting,loss_aversion",0.24496152492611997,0.6225598454475403,50,25,0.0008175365280755909,1.0,common_norm,0.01764444261789322,0.04916633665561676,,0.3160776615563386,0.008517751311518783
feature_31935_sign+1,0.5041575319972671,1.5,0.3,9.557237048338434,-1.2656314317682498,0.30232597591199445,True,"weighting,loss_aversion",0.24307470737960643,0.5623116493225098,50,29,0.0012725579523487074,1.0,common_norm,-0.003823072649538517,0.012799865566194057,,0.3157802563509123,0.014164100821987479
feature_31935_sign-1,0.5045891474071111,1.5,0.3,9.521840365955017,-1.3232364698852743,0.30185468255734377,True,"weighting,loss_aversion",0.2479181303185409,0.5245915651321411,50,31,0.0012340533885446536,1.0,common_norm,-0.003823072649538517,0.012799865566194057,,0.3161119301912014,0.011132770120975917
feature_4237_sign+1,0.5070351158528161,1.5,0.3,9.520098675921888,-1.2760894336618838,0.3032048508721,True,"weighting,loss_aversion",0.24168034958341822,0.37146756052970886,50,35,0.001276673180070187,1.0,common_norm,0.0015463032759726048,0.003613048465922475,,0.3166160827905902,0.013630979126647942
feature_4237_sign-1,0.501660903485136,1.5,0.3,9.525404824972028,-1.3048275352776821,0.30106521075454706,True,"weighting,loss_aversion",0.24841638937677415,0.5029675960540771,50,31,0.0011568677226752033,1.0,common_norm,0.0015463032759726048,0.003613048465922475,,0.31529149215086844,0.008588182658328074
feature_4992_sign+1,0.5017480728874983,1.4962252652037027,0.3,9.60677962029942,-1.341516587824225,0.3009532598697173,True,loss_aversion,0.2530033933287094,0.6666656732559204,50,24,0.0009189838653897997,1.0,common_norm,0.01410654466599226,0.03542528674006462,,0.31440644385021504,0.009610465056936817
feature_4992_sign-1,0.5059312083140171,1.5,0.3,9.447722052696792,-1.249464626093203,0.30399363163964693,True,"weighting,loss_aversion",0.23638821323185585,0.32094231247901917,50,37,0.0008832210998408474,1.0,common_norm,0.01410654466599226,0.03542528674006462,,0.31846495738808267,0.011193947567002809
gradient_l48_sign+1,0.5094669618028366,1.1776569835240127,0.3,9.070521824461581,-1.3631577412337161,0.28402558202063355,True,loss_aversion,0.28258196445509953,0.9983016848564148,48,0,0.0012052059173583984,1.0,common_norm,1.0000001192092896,0.035999879240989685,,0.29623789271541984,0.04803943173515277
gradient_l48_sign-1,0.481271334703406,1.5,0.3,7.651390547226214,-0.6477680365926255,0.345413920245182,True,"weighting,loss_aversion",0.20423133811796168,1.3036147720413283e-05,48,233,0.001049637794494629,1.0,common_norm,1.0000001192092896,0.035999879240989685,,0.3554497080027356,0.08937644190958896
gradient_l50_sign+1,0.5025362841483375,1.196629865356454,0.3,9.16362810720189,-1.3665509565753247,0.2858386015843334,True,loss_aversion,0.27790061834634433,0.9977615475654602,50,0,0.001741170883178711,1.0,common_norm,1.0000001192092896,0.033169783651828766,,0.2995435792659485,0.04677978884304684
gradient_l50_sign-1,0.4845235665472201,1.5,0.3,7.757240186272149,-0.6834670683536143,0.34498918155392366,True,"weighting,loss_aversion",0.20758740016102561,2.8258034944883548e-05,50,218,0.0017102956771850586,1.0,common_norm,1.0000001192092896,0.033169783651828766,,0.35567511519183326,0.0696587549469607
lora_combined,0.5081531335509368,1.1489464073239293,1.4103213666981134,1.679490733256231,0.0849783226184285,0.10125329240973258,True,,0.08229658080057965,0.9990197420120239,,0,,,,,,0.15701657005473138,0.11055850059643679,0.3097198324799314
lora_curvature_only,0.5157724242590344,1.1494272859355548,0.6695649464059426,1.9952150595642406,0.10853345197303411,0.09027467552311248,True,,0.07115567678378688,0.9996121525764465,,0,,,,,,0.1353142237530131,0.09841773778064879,0.2978487452156161
lora_loss_aversion_only,0.6443915875172508,1.1786001584988695,1.451657141828629,1.5513432236419549,0.11009157469426688,0.12581803534970426,True,,0.08825558397091098,0.9991165399551392,,0,,,,,,0.17033446019869325,0.12885719710096646,0.3034441336777318
lora_weighting_only,0.5987250251084926,1.0721323475723972,0.6050574103663917,1.1525757083183514,0.18426659568362846,0.08122394865413189,True,,0.08723562587466505,0.9995936155319214,,0,,,,,,0.17759370777964195,0.08785266121743864,0.33889173721393534
loss_aversion_only_mean_delta_fitted_magnitude,0.6040930246876745,1.187948744054302,0.7410992545028972,3.455248575783386,0.28268412642544766,0.16943630775494156,True,,0.13589934743552778,0.9999592900276184,50,0,0.00015191210460574478,8.035587310791016,discovery_fitted_magnitude,0.06128251552581787,-0.004538551904261112,0.21492709755932785,0.17620226560207145,0.2077102170013283
loss_aversion_only_mean_delta_sign+1,0.5128427248924993,1.5,0.3,9.021918643807616,-1.052426357298257,0.30377696898957907,True,"weighting,loss_aversion",0.21676308471559144,0.9860407710075378,50,0,0.0007047653198242188,1.0,common_norm,0.06128251552581787,-0.004538551904261112,0.4076372300962079,0.3179506615958263,0.021113271769741634
loss_aversion_only_mean_delta_sign-1,0.49800116929081395,1.5,0.3,9.661038361702158,-1.4432287750694002,0.3053153876010183,True,"weighting,loss_aversion",0.27112836338307245,0.004215450957417488,50,76,0.0007899999618530273,1.0,common_norm,0.06128251552581787,-0.004538551904261112,,0.3170942060771331,0.01813523425552229
loss_aversion_only_sae_preference_k10_fitted_magnitude,0.5028055877933516,1.5,0.3,9.234209554308134,-1.1330964310735556,0.3034661358482082,True,"weighting,loss_aversion",0.23288798896093757,0.9525867700576782,50,0,0.000768670667285476,1.7644020318984985,discovery_fitted_magnitude,0.01173755619674921,0.017900217324495316,0.4160393226773577,0.3166554896167947,0.03946505118038835
loss_aversion_only_sae_preference_k10_sign+1,0.5038808028906832,1.5,0.3,9.429364970999904,-1.2099182380132385,0.3024121154397985,True,"weighting,loss_aversion",0.23722440298177444,0.8522278666496277,50,10,0.0010070205335033222,1.0,common_norm,0.01173755619674921,0.017900217324495316,0.4179779560117739,0.3158578054145959,0.01981799855101908
loss_aversion_only_sae_preference_k10_sign-1,0.5055547382176894,1.5,0.3,9.4897623236697,-1.338389654432221,0.30377493371443504,True,"weighting,loss_aversion",0.24923252472201723,0.12600672245025635,50,50,0.0012101531750055017,1.0,common_norm,0.01173755619674921,0.017900217324495316,,0.3181867026759107,0.01972801513410943
loss_aversion_only_sae_preference_k1_fitted_magnitude,0.5033938300338697,1.5,0.3,9.50985990434592,-1.242872895670212,0.30261361938802633,True,"weighting,loss_aversion",0.24027723764431994,0.5077870488166809,50,30,0.0011819128727801331,0.8878317475318909,discovery_fitted_magnitude,-0.015716178342700005,0.007819034159183502,0.42024400217025965,0.3168000699274969,0.019212432673744624
loss_aversion_only_sae_preference_k1_sign+1,0.5032635178133694,1.5,0.3,9.471836836275433,-1.2350961774490736,0.30318233819623525,True,"weighting,loss_aversion",0.24028860758702061,0.5134209990501404,50,31,0.0006562471389770508,1.0,common_norm,-0.015716178342700005,0.007819034159183502,0.41997876827692593,0.3171338990699805,0.018617013232846553
loss_aversion_only_sae_preference_k1_sign-1,0.5040228584084242,1.5,0.3,9.538069074971759,-1.3279385972129019,0.30215095242237167,True,"weighting,loss_aversion",0.24887272497557594,0.43795883655548096,50,36,0.0006445646286010742,1.0,common_norm,-0.015716178342700005,0.007819034159183502,,0.3161433827404802,0.009431403036667816
loss_aversion_only_sae_preference_k3_fitted_magnitude,0.5010116018626897,1.5,0.3,9.47953571204917,-1.2938788346708872,0.30095272735683154,True,"weighting,loss_aversion",0.24822263276508683,0.7776328325271606,50,14,0.0009759240880531372,1.3127477169036865,discovery_fitted_magnitude,0.01414778083562851,0.028619272634387016,0.4241575947505125,0.3148122650547259,0.024638412903602212
loss_aversion_only_sae_preference_k3_sign+1,0.5017834957718255,1.5,0.3,9.515996970746283,-1.300325867693492,0.3014449299358825,True,"weighting,loss_aversion",0.2467503229902151,0.7313186526298523,50,16,0.0015680788078213936,1.0,common_norm,0.01414778083562851,0.028619272634387016,0.42405308503866834,0.31558546343754024,0.018626270226606515
loss_aversion_only_sae_preference_k3_sign-1,0.5070399232123324,1.5,0.3,9.485874957932362,-1.267952853320602,0.3032073656931786,True,"weighting,loss_aversion",0.2400036138526724,0.17217972874641418,50,48,0.0016092060078136683,1.0,common_norm,0.01414778083562851,0.028619272634387016,,0.3173557823536231,0.021144246634955087
persona_contrast_l48_sign+1,0.5047421698332352,1.478922726056538,0.3,9.466748245923197,-1.2640448406949014,0.3030629382137691,True,loss_aversion,0.24172016099422283,0.4102018177509308,48,36,0.0006732940673828125,1.0,common_norm,0.035999879240989685,0.9999999403953552,,0.3161699043925447,0.019906446249327185
persona_contrast_l48_sign-1,0.5000848253231519,1.5,0.3,9.472787999836232,-1.313875418162746,0.30304456679097797,True,"weighting,loss_aversion",0.24738741042167597,0.5807705521583557,48,28,0.001051187515258789,1.0,common_norm,0.035999879240989685,0.9999999403953552,,0.3182608746980048,0.01741001433434466
persona_contrast_l50_sign+1,0.5057662987709682,1.4815270645881553,0.3,9.414569237145248,-1.2498680078331919,0.3031858584564218,True,loss_aversion,0.24057344378747061,0.42269018292427063,50,36,0.0007002949714660645,1.0,common_norm,0.033169783651828766,1.0,,0.3163348248466237,0.023032911224650385
persona_contrast_l50_sign-1,0.5005753111324217,1.5,0.3,9.553805651689203,-1.324920565412823,0.3023684969675075,True,"weighting,loss_aversion",0.24774358442530314,0.6163488030433655,50,27,0.0006679892539978027,1.0,common_norm,0.033169783651828766,1.0,,0.3173633006837385,0.016487323969016317
prompt_risk_averse,0.6062005895967044,0.7713921667957094,4.0,0.5830176176622083,-0.28153893033562283,0.4698022379299769,True,loss_aversion,0.10281525809439558,0.9999982714653015,,0,,,,,,,0.48025051065794344,0.4311872455965542
prompt_risk_seeking,1.1478507453791897,0.6316801639024292,0.3,1.7435161520806008,9.018300237172799e-05,0.4579530145542055,True,loss_aversion,0.051951560872023746,0.9999962449073792,,0,,,,,,,0.46231232008972606,0.05060116182648598
random_0_l48_sign+1,0.5048081265424901,1.5,0.3,9.52226381348626,-1.3184613144437296,0.3010373190539649,True,"weighting,loss_aversion",0.24945210725853623,0.8320469856262207,48,11,0.0008533597501134693,1.0,common_norm,0.010550731793045998,0.013167815282940865,,0.3149027110652424,0.016149822051871494
random_0_l48_sign-1,0.5037460861689963,1.5,0.3,9.497878162205645,-1.2494345119972057,0.3037224212134194,True,"weighting,loss_aversion",0.2379839985905664,0.20303994417190552,48,48,0.0008119941241737649,1.0,common_norm,0.010550731793045998,0.013167815282940865,,0.31803811657857844,0.013878772933453005
random_0_l50_sign+1,0.5046224844859651,1.5,0.3,9.502043804471233,-1.3203604249340815,0.3014474282972266,True,"weighting,loss_aversion",0.2494813644155808,0.8320469856262207,50,10,0.001083433692659952,1.0,common_norm,0.009979382157325745,0.009397321380674839,,0.3155365486197274,0.014791670202101169
random_0_l50_sign-1,0.5043173489865915,1.5,0.3,9.438723506802816,-1.2394161754996684,0.30454461072739314,True,"weighting,loss_aversion",0.23763092289186621,0.1646268665790558,50,48,0.0008791089581912104,1.0,common_norm,0.009979382157325745,0.009397321380674839,,0.3187624303209137,0.015457115116594816
random_1_l48_sign+1,0.5022716771742285,1.5,0.3,9.4953379661391,-1.276791672558032,0.30387265776656897,True,"weighting,loss_aversion",0.24042201898415455,0.5247492790222168,48,28,0.0010263919830322266,1.0,common_norm,0.0018550488166511059,-0.010754706338047981,,0.3187770093341862,0.01653537719059822
random_1_l48_sign-1,0.5064332683220073,1.4986098140527409,0.3,9.493427953939305,-1.2986961774454493,0.30172221587937376,True,loss_aversion,0.2478934632634655,0.45466122031211853,48,36,0.0009762048721313477,1.0,common_norm,0.0018550488166511059,-0.010754706338047981,,0.3147158684127177,0.014863928232755681
random_1_l50_sign+1,0.5051861087691202,1.5,0.3,9.437308825331908,-1.2373091117491355,0.30495167205255536,True,"weighting,loss_aversion",0.23500034622065252,0.5245915651321411,50,27,0.0010057687759399414,1.0,common_norm,0.0058726659044623375,-0.010725903324782848,,0.3199707874145312,0.014062941257558125
random_1_l50_sign-1,0.5039643645766901,1.5,0.3,9.533247375490692,-1.326476443922504,0.30084444378955777,True,"weighting,loss_aversion",0.2525382640159116,0.439694881439209,50,39,0.0010762214660644531,1.0,common_norm,0.0058726659044623375,-0.010725903324782848,,0.31375942063652573,0.012771859050429591
random_2_l48_sign+1,0.5036214220361998,1.5,0.3,9.487800887911602,-1.2464953431086077,0.3025814618366851,True,"weighting,loss_aversion",0.24040178680274807,0.43788790702819824,48,30,0.0008850694230240208,1.0,common_norm,-0.008592973463237286,0.010526765137910843,,0.3177796806539506,0.012806596773971043
random_2_l48_sign-1,0.5052970661174889,1.496243765901675,0.3,9.565349481115708,-1.3088240477357656,0.3022608470225512,True,loss_aversion,0.24614605712106005,0.5002276301383972,48,35,0.0008254647746959165,1.0,common_norm,-0.008592973463237286,0.010526765137910843,,0.31523688693796786,0.015613988494997875
random_2_l50_sign+1,0.5020573509705443,1.5,0.3,9.54154332669359,-1.2963807474443274,0.30192603454213696,True,"weighting,loss_aversion",0.2454695856857345,0.5955301523208618,50,27,0.001012027323962883,1.0,common_norm,-0.009125901386141777,0.017249856144189835,,0.3172816380730326,0.01158337500813872
random_2_l50_sign-1,0.5055762116867885,1.4952600103883282,0.3,9.507354920887948,-1.2804756718586279,0.3020543189011866,True,loss_aversion,0.2415600602671463,0.4076153635978699,50,39,0.001061737600668522,1.0,common_norm,-0.009125901386141777,0.017249856144189835,,0.31559692625418995,0.01449676264454696
reward_probe_l48_sign+1,0.49978830884571745,1.5,0.3,9.591571819576908,-1.3986154557063055,0.2999131512712706,True,"weighting,loss_aversion",0.266173565670109,0.46234115958213806,48,35,0.0010070798380183987,1.0,common_norm,-0.013493670150637627,0.014977182261645794,,0.3125555690648262,0.009764572465164142
reward_probe_l48_sign-1,0.5102049801043053,1.5,0.3,9.29518492269927,-1.1501464058296638,0.3069488347081228,True,"weighting,loss_aversion",0.22176739842672163,0.533101499080658,48,30,0.0008286235741081782,1.0,common_norm,-0.013493670150637627,0.014977182261645794,,0.32189007105187356,0.011189677550867328
reward_probe_l50_sign+1,0.49916520129176795,1.5,0.3,9.631415432528957,-1.4067428134179827,0.29991711985460995,True,"weighting,loss_aversion",0.2645788448592527,0.5000568628311157,50,34,0.001108407974243164,1.0,common_norm,-0.01560676097869873,0.01788817159831524,,0.31291522463753035,0.007433238704414754
reward_probe_l50_sign-1,0.5102173956192081,1.5,0.3,9.317783231762773,-1.1521025944326784,0.3067312068653966,True,"weighting,loss_aversion",0.22545143970294457,0.45659339427948,50,30,0.000997304916381836,1.0,common_norm,-0.01560676097869873,0.01788817159831524,,0.3206124947660297,0.0070838483052124476
sae_readout_highest_cosine_sign+1,0.48627610428636897,1.4067279881285086,0.3,9.573115166449737,-1.407339596057797,0.29774073780954574,True,loss_aversion,0.2715781910368043,0.2945265471935272,50,44,0.00206500377983021,1.0,common_norm,0.16197949647903442,0.0719447135925293,,0.30759413277744435,0.034204648223870496
sae_readout_highest_cosine_sign-1,0.5020608667454803,1.5,0.3,9.097757789081287,-1.103137473532544,0.3142997743992848,True,"weighting,loss_aversion",0.22897589692847287,0.7526534795761108,50,17,0.0014577514054929797,1.0,common_norm,0.16197949647903442,0.0719447135925293,,0.32809945404587515,0.03433758517977066
sae_readout_k10_sign+1,0.4751782402987877,1.3327711478638575,0.3,9.35498548771502,-1.3645676658308787,0.2984236053925668,True,loss_aversion,0.2686752878041557,0.2975558340549469,50,33,0.0011062026683212878,1.0,common_norm,0.3102600872516632,0.09818695485591888,,0.3086674082043622,0.04939795896184133
sae_readout_k10_sign-1,0.5003113620574503,1.5,0.3,8.863618935984862,-1.0490305458052263,0.3184117471361207,True,"weighting,loss_aversion",0.22609023118140428,0.34263285994529724,50,32,0.000980019627810691,1.0,common_norm,0.3102600872516632,0.09818695485591888,,0.3305579314016738,0.031357767178338304
sae_readout_k1_sign+1,0.48481188517255425,1.4320259346976303,0.3,9.705185830386474,-1.511246953912972,0.29105012699115956,True,loss_aversion,0.28794422838317196,0.3210461437702179,50,43,0.002586364437775046,1.0,common_norm,0.19948258996009827,0.0960964635014534,,0.3005570678805457,0.025519562534849903
sae_readout_k1_sign-1,0.5001518681790788,1.5,0.3,9.004831034796887,-0.9832019190512732,0.3183735152052834,True,"weighting,loss_aversion",0.21873544549283563,0.6457509398460388,50,21,0.0027970072273006963,1.0,common_norm,0.19948258996009827,0.0960964635014534,,0.33219773769744804,0.029961095491311308
sae_readout_k3_sign+1,0.4735345663711278,1.3752104639541054,0.3,9.64520669577141,-1.5367540075010022,0.28874193960420874,True,loss_aversion,0.29566617350357377,0.43829748034477234,50,35,0.0012364387512207031,1.0,common_norm,0.2587781846523285,0.08164471387863159,,0.29834707196113663,0.03436864692965345
sae_readout_k3_sign-1,0.4995409622927549,1.5,0.3,8.687122526471573,-0.9195071068223857,0.3225641534033328,True,"weighting,loss_aversion",0.21432291002271306,0.47067853808403015,50,28,0.0012322664260864258,1.0,common_norm,0.2587781846523285,0.08164471387863159,,0.33579893384852955,0.040328332459005224
weighting_only_mean_delta_fitted_magnitude,0.5071494182718771,1.128212941977822,0.3654142205083181,3.3876071820639617,0.2293308478816272,0.1560065798651835,True,,0.1251628835672616,0.9999920129776001,50,0,0.00012644298233333018,9.39773941040039,discovery_fitted_magnitude,0.11992787569761276,0.019045328721404076,0.20991562631082433,0.16474770508811898,0.22293668019909682
weighting_only_mean_delta_sign+1,0.5068856657070829,1.4718172431058512,0.3,8.91366204682812,-1.0356154677304397,0.30261875582037934,True,loss_aversion,0.21870151418692088,0.9890553951263428,50,0,0.0006917715072631836,1.0,common_norm,0.11992787569761276,0.019045328721404076,0.39457604665468093,0.31618417316752795,0.03807010541717716
weighting_only_mean_delta_sign-1,0.49785744008170907,1.5,0.3,9.548062274915225,-1.452723372512551,0.30833219494915104,True,"weighting,loss_aversion",0.2718645372258387,0.0031968113034963608,50,79,0.0008748769760131836,1.0,common_norm,0.11992787569761276,0.019045328721404076,,0.32113281348536066,0.03167095988100632
weighting_only_sae_preference_k10_fitted_magnitude,0.4988730876304036,1.4594304904963908,0.3,8.677058897323798,-0.9400237175843728,0.3093820248290445,True,loss_aversion,0.21842980110618176,0.7502995133399963,50,15,0.0007393980409349243,1.8953584432601929,discovery_fitted_magnitude,0.0520566888153553,0.04067416489124298,0.3952673391018306,0.3223358606446656,0.07208036845249073
weighting_only_sae_preference_k10_sign+1,0.5066760473710343,1.5,0.3,9.060611140885516,-1.0686266334239858,0.3065705473989064,True,"weighting,loss_aversion",0.22453876998775793,0.6818973422050476,50,20,0.0007418394088745117,1.0,common_norm,0.0520566888153553,0.04067416489124298,0.4003341790741807,0.31983542475269194,0.03866920403118518
weighting_only_sae_preference_k10_sign-1,0.49742517218242516,1.5,0.3,9.590164547261338,-1.464575429704292,0.3043524868675692,True,"weighting,loss_aversion",0.27429017236255804,0.16771940886974335,50,44,0.0008444786071777344,1.0,common_norm,0.0520566888153553,0.04067416489124298,,0.3172171589903738,0.026765259438947087
weighting_only_sae_preference_k1_fitted_magnitude,0.4994438524870784,1.5,0.3,9.469282735200247,-1.3240679139179723,0.2979163785810534,True,"weighting,loss_aversion",0.25400659162208705,0.6234183311462402,50,16,0.001263481449216064,1.0386030673980713,discovery_fitted_magnitude,0.06727810949087143,0.03586510941386223,0.4106237629596483,0.3111255557087203,0.02907089380808381
weighting_only_sae_preference_k1_sign+1,0.4987587731229709,1.5,0.3,9.48065604445777,-1.3254753005274487,0.2984051810826586,True,"weighting,loss_aversion",0.2539352695193714,0.6232064962387085,50,17,0.0010268092155456543,1.0,common_norm,0.06727810949087143,0.03586510941386223,0.41122686121384044,0.31195082254960765,0.028376692351867436
weighting_only_sae_preference_k1_sign-1,0.5099284448829101,1.5,0.3,9.518137234364705,-1.2317900534124409,0.3045133154275398,True,"weighting,loss_aversion",0.23539443463656307,0.16478194296360016,50,52,0.00101393461227417,1.0,common_norm,0.06727810949087143,0.03586510941386223,,0.3188183436297483,0.02783632003247085
weighting_only_sae_preference_k3_fitted_magnitude,0.49995055805196215,1.5,0.3,9.27184564916081,-1.2312087042798583,0.2983823084321386,True,"weighting,loss_aversion",0.2442040511193947,0.682257890701294,50,13,0.001336915630556268,1.4055454730987549,discovery_fitted_magnitude,0.06091231852769852,0.013238979503512383,0.405837197796397,0.31159308740042113,0.04298070457215346
weighting_only_sae_preference_k3_sign+1,0.5015022012449684,1.5,0.3,9.37402139441115,-1.2518108786948068,0.2995993293067467,True,"weighting,loss_aversion",0.2428347619051714,0.68047034740448,50,16,0.001413345168430169,1.0,common_norm,0.06091231852769852,0.013238979503512383,0.4072489539244188,0.3133502945988825,0.027522681095126008
weighting_only_sae_preference_k3_sign-1,0.5066411816958464,1.5,0.3,9.573161592137431,-1.3297622850881208,0.30382465915721113,True,"weighting,loss_aversion",0.24611765393385882,0.13318663835525513,50,48,0.0013656614582941984,1.0,common_norm,0.06091231852769852,0.013238979503512383,,0.31850395196037423,0.025111807570229024
