feature,scope,sign,target,cosine_to_readout,discovery_ce,discovery_teacher_rmse,min_answer_mass
11870,final,-1,combined,-0.015661176294088364,1.8532065397897393,0.3499760493932571,0.9999978542327881
11870,final,-1,neutral,-0.015661176294088364,1.9417319328849518,0.3499301057945462,0.9999978542327881
11870,final,1,combined,-0.015661176294088364,3.138706513076713,0.3499880473475341,0.9999982714653015
11870,final,1,neutral,-0.015661176294088364,3.342868440540453,0.35719033699142183,0.9999982714653015
47503,final,-1,combined,0.07667230814695358,4.681800867135668,0.41297825039909475,0.9846177697181702
47503,final,-1,neutral,0.07667230814695358,4.873847009560537,0.40451810252774306,0.9846177697181702
47503,final,1,combined,0.07667230814695358,1.8424239765461483,0.5082528143097439,0.9999978542327881
47503,final,1,neutral,0.07667230814695358,1.8408261345700028,0.49258171876904,0.9999978542327881
15307,final,-1,combined,0.04720905050635338,3.753084235354754,0.33339730879269974,0.9999982118606567
15307,final,-1,neutral,0.04720905050635338,4.0459713757317495,0.3415779722542248,0.9999982118606567
15307,final,1,combined,0.04720905050635338,1.2258445234162925,0.34901544407451063,0.9999892115592957
15307,final,1,neutral,0.04720905050635338,1.2554457173320936,0.3430938545535599,0.9999892115592957
62440,final,-1,combined,-0.044546112418174744,1.3494858627988482,0.35575572134523603,0.6253671646118164
62440,final,-1,neutral,-0.044546112418174744,1.3923747974029363,0.3484025604441111,0.6253671646118164
62440,final,1,combined,-0.044546112418174744,3.934600407100742,0.33404444966960595,0.9999982714653015
62440,final,1,neutral,-0.044546112418174744,4.291756893790418,0.3468070808304625,0.9999982714653015
39254,final,-1,combined,-0.016318731009960175,19.59928883920381,0.49348484426341827,3.1203572688624474e-20
39254,final,-1,neutral,-0.016318731009960175,19.6011755962545,0.47863630388822165,3.1203572688624474e-20
39254,final,1,combined,-0.016318731009960175,3.2218346836126974,0.36667959871696887,0.9999982714653015
39254,final,1,neutral,-0.016318731009960175,3.4137284702085102,0.37038995377291184,0.9999982714653015
33404,final,-1,combined,0.05265919491648674,3.475922331519771,0.37323430460592827,0.9999978542327881
33404,final,-1,neutral,0.05265919491648674,3.694524787273577,0.37099843254722237,0.9999978542327881
33404,final,1,combined,0.05265919491648674,1.4117710362220524,0.3192024509040392,0.9999606609344482
33404,final,1,neutral,0.05265919491648674,1.4607043465772713,0.31752825546789104,0.9999606609344482
60415,final,-1,combined,0.056993789970874786,3.8994459945958306,0.41071427705950914,0.9621578454971313
60415,final,-1,neutral,0.056993789970874786,4.051215978390927,0.3966744491620689,0.9621578454971313
60415,final,1,combined,0.056993789970874786,1.6879739066787058,0.4295168878262953,0.9999982714653015
60415,final,1,neutral,0.056993789970874786,1.7378966806146405,0.41816044895364024,0.9999982714653015
55159,final,-1,combined,-0.011667696759104729,7.5251469571712235,0.3021550687074637,5.277513264445588e-05
55159,final,-1,neutral,-0.011667696759104729,7.4951027333759095,0.26136999852921,5.277513264445588e-05
55159,final,1,combined,-0.011667696759104729,3.160500624696462,0.4343745641880826,0.9999982714653015
55159,final,1,neutral,-0.011667696759104729,3.272599966568823,0.4249783837914164,0.9999982714653015
30498,final,-1,combined,0.026709500700235367,2.709430945502507,0.33379219064155913,0.9999982118606567
30498,final,-1,neutral,0.026709500700235367,2.8605511586539127,0.3403624377011453,0.9999982118606567
30498,final,1,combined,0.026709500700235367,0.8977638442770284,0.2733657166533997,0.9999982714653015
30498,final,1,neutral,0.026709500700235367,0.9307439573849926,0.2662387959591569,0.9999982714653015
7107,final,-1,combined,0.050126925110816956,3.987362890136535,0.3586170730712432,0.9977974891662598
7107,final,-1,neutral,0.050126925110816956,4.2818993548619275,0.35834319328013586,0.9977974891662598
7107,final,1,combined,0.050126925110816956,2.002806586981243,0.4909600542811275,0.9999406337738037
7107,final,1,neutral,0.050126925110816956,2.024207013226287,0.47191313213721575,0.9999406337738037
18729,final,-1,combined,-0.0017486745491623878,3.032805133642088,0.5531837550582692,0.9999861717224121
18729,final,-1,neutral,-0.0017486745491623878,3.0501946928903374,0.5349563847144128,0.9999861717224121
18729,final,1,combined,-0.0017486745491623878,6.4622854355692665,0.5898398982106939,0.9999982118606567
18729,final,1,neutral,-0.0017486745491623878,6.498172944188565,0.5754855857180446,0.9999982118606567
54533,final,-1,combined,0.0465414896607399,3.8600286610820924,0.41654487863785666,0.9999940395355225
54533,final,-1,neutral,0.0465414896607399,4.046761985226441,0.4084506931960434,0.9999940395355225
54533,final,1,combined,0.0465414896607399,1.1309465919777406,0.28971963616801616,0.9929785132408142
54533,final,1,neutral,0.0465414896607399,1.1517361727795303,0.27962664752643596,0.9929785132408142
17502,final,-1,combined,0.09051515907049179,4.075890098411298,0.34639809385433257,0.9999983310699463
17502,final,-1,neutral,0.09051515907049179,4.43460810339347,0.3545165903357797,0.9999983310699463
17502,final,1,combined,0.09051515907049179,1.168036200112566,0.3815478600652985,0.9954610466957092
17502,final,1,neutral,0.09051515907049179,1.200156394468613,0.36707333624372995,0.9954610466957092
19103,final,-1,combined,0.0033560318406671286,2.932681066838299,0.4495725731193678,0.9999982714653015
19103,final,-1,neutral,0.0033560318406671286,3.0141863173761902,0.44033514228146703,0.9999982714653015
19103,final,1,combined,0.0033560318406671286,2.3923768778013605,0.30647593973052617,0.016624348238110542
19103,final,1,neutral,0.0033560318406671286,2.4620088896641827,0.30787574645912885,0.016624348238110542
58814,final,-1,combined,0.013265285640954971,3.293329895468761,0.3815986165109449,0.9999982118606567
58814,final,-1,neutral,0.013265285640954971,3.5524732699938704,0.3864245694283781,0.9999982118606567
58814,final,1,combined,0.013265285640954971,3.8962976444586266,0.5112434023658332,0.9998079538345337
58814,final,1,neutral,0.013265285640954971,3.9571092687862004,0.49051623899812086,0.9998079538345337
52200,final,-1,combined,0.11000661551952362,5.208040853230676,0.44633675027553205,0.9762999415397644
52200,final,-1,neutral,0.11000661551952362,5.26635597097594,0.4244316458598971,0.9762999415397644
52200,final,1,combined,0.11000661551952362,0.8790500459157847,0.3430949392254542,0.9998242259025574
52200,final,1,neutral,0.11000661551952362,0.8800077411729054,0.31551671335732057,0.9998242259025574
13835,final,-1,combined,0.020046690478920937,18.65570622068216,0.45051170124075046,2.988348110632977e-11
13835,final,-1,neutral,0.020046690478920937,18.681089296311136,0.4316179043425718,2.988348110632977e-11
13835,final,1,combined,0.020046690478920937,20.3708477142118,0.3905194223280231,9.961139308149389e-14
13835,final,1,neutral,0.020046690478920937,20.432816798946867,0.38208970639278633,9.961139308149389e-14
55751,final,-1,combined,0.004028080031275749,1.118885970555467,0.3234327074054553,0.9953433275222778
55751,final,-1,neutral,0.004028080031275749,1.149484918240583,0.30943966739471135,0.9953433275222778
55751,final,1,combined,0.004028080031275749,1.516172063649844,0.3176743672751851,0.9965120553970337
55751,final,1,neutral,0.004028080031275749,1.5967835260910832,0.3130657499141547,0.9965120553970337
4048,final,-1,combined,-0.001448196591809392,2.569184979813467,0.3702794398841209,0.9999982714653015
4048,final,-1,neutral,-0.001448196591809392,2.670277103088391,0.3683619043487225,0.9999982714653015
4048,final,1,combined,-0.001448196591809392,2.3649315536154485,0.332897411149853,0.9999982118606567
4048,final,1,neutral,-0.001448196591809392,2.487766708560854,0.34075979326990763,0.9999982118606567
33545,final,-1,combined,0.02508186176419258,2.4870828283028374,0.3488640506743661,0.9999982714653015
33545,final,-1,neutral,0.02508186176419258,2.583879907157523,0.3498269644951456,0.9999982714653015
33545,final,1,combined,0.02508186176419258,2.202087839218041,0.3166923002964756,0.9999979734420776
33545,final,1,neutral,0.02508186176419258,2.3282779662201656,0.3206704258113812,0.9999979734420776
38516,final,-1,combined,0.02106650359928608,3.296071474343697,0.3449710445809893,0.9999982714653015
38516,final,-1,neutral,0.02106650359928608,3.540210003529366,0.35327964408957013,0.9999982714653015
38516,final,1,combined,0.02106650359928608,1.2108214422712644,0.297188626609403,0.9998775720596313
38516,final,1,neutral,0.02106650359928608,1.2464154892441566,0.29168633776991953,0.9998775720596313
18195,final,-1,combined,0.023116346448659897,3.823071878330279,0.41422118724140344,0.9999979734420776
18195,final,-1,neutral,0.023116346448659897,3.9611340587742268,0.39892818682745573,0.9999979734420776
18195,final,1,combined,0.023116346448659897,2.569401225067339,0.4143512182778184,0.9999982714653015
18195,final,1,neutral,0.023116346448659897,2.671327527369312,0.40582273989665496,0.9999982714653015
19760,final,-1,combined,-0.02533065900206566,1.6102004849237848,0.31412559466704576,0.999860405921936
19760,final,-1,neutral,-0.02533065900206566,1.6915278568583427,0.3094056641169706,0.999860405921936
19760,final,1,combined,-0.02533065900206566,4.464152047178973,0.49506761740752375,0.0209055095911026
19760,final,1,neutral,-0.02533065900206566,4.580817945604917,0.4758976084679969,0.0209055095911026
23671,final,-1,combined,0.0020720940083265305,2.4106828081194873,0.3610238256217415,0.9999793171882629
23671,final,-1,neutral,0.0020720940083265305,2.5635710067137114,0.362618050083585,0.9999793171882629
23671,final,1,combined,0.0020720940083265305,2.1820395516996607,0.375125644987137,0.9999964237213135
23671,final,1,neutral,0.0020720940083265305,2.2456250152479327,0.36788986410260344,0.9999964237213135
1400,final,-1,combined,-0.0009813366923481226,4.11654530854235,0.5089817923861438,0.9999477863311768
1400,final,-1,neutral,-0.0009813366923481226,4.122432306971843,0.4910836461339814,0.9999477863311768
1400,final,1,combined,-0.0009813366923481226,7.921994943509184,0.5898468191614203,0.9999985098838806
1400,final,1,neutral,-0.0009813366923481226,7.946532341671918,0.575492351947418,0.9999985098838806
41043,final,-1,combined,0.005147683899849653,20.305216759704983,0.3317865351482557,2.414126407460082e-12
41043,final,-1,neutral,0.005147683899849653,20.426421609746846,0.3391097296405452,2.414126407460082e-12
41043,final,1,combined,0.005147683899849653,2.1356253788702513,0.33301828863858685,0.9999209642410278
41043,final,1,neutral,0.005147683899849653,2.230943133520691,0.3374052042239889,0.9999209642410278
29425,final,-1,combined,-0.018174264580011368,2.3073462113418937,0.37154314989167825,0.8175631761550903
29425,final,-1,neutral,-0.018174264580011368,2.4233528781328197,0.36957129190385923,0.8175631761550903
29425,final,1,combined,-0.018174264580011368,3.60777119010116,0.33174267897713405,0.9940892457962036
29425,final,1,neutral,-0.018174264580011368,3.8977326090346014,0.3391932004606189,0.9940892457962036
6020,final,-1,combined,-0.009417647495865822,1.9206763314895579,0.32410218834081284,0.9999982118606567
6020,final,-1,neutral,-0.009417647495865822,2.0115896694485014,0.3255739010845018,0.9999982118606567
6020,final,1,combined,-0.009417647495865822,2.8652756413221465,0.32623009542590853,0.9999983310699463
6020,final,1,neutral,-0.009417647495865822,3.0636723188974986,0.3371136203262352,0.9999983310699463
17838,final,-1,combined,0.06822274625301361,3.752044278316605,0.3396886007691108,0.9999905228614807
17838,final,-1,neutral,0.06822274625301361,3.9765190522657825,0.33958585654606754,0.9999905228614807
17838,final,1,combined,0.06822274625301361,0.8863031183220151,0.3723479857797779,0.9940983057022095
17838,final,1,neutral,0.06822274625301361,0.9102740335655455,0.35612079207525255,0.9940983057022095
23552,final,-1,combined,-0.001987030729651451,2.7415011120122887,0.3814824929548187,0.9995392560958862
23552,final,-1,neutral,-0.001987030729651451,2.8653979099832534,0.3778910931281134,0.9995392560958862
23552,final,1,combined,-0.001987030729651451,4.338567965230518,0.582965411170797,0.13707783818244934
23552,final,1,neutral,-0.001987030729651451,4.378184354688477,0.5686759385490011,0.13707783818244934
184,final,-1,combined,0.018252460286021233,2.976188693478668,0.35466712252685056,0.9999982714653015
184,final,-1,neutral,0.018252460286021233,3.1651652490248945,0.3618512063205891,0.9999982714653015
184,final,1,combined,0.018252460286021233,2.1275858065498316,0.3455694629221991,0.9999982714653015
184,final,1,neutral,0.018252460286021233,2.211819403685491,0.34580082174920784,0.9999982714653015
4237,final,-1,combined,0.011032581329345703,2.235105597909578,0.33409015747960613,0.9999982714653015
4237,final,-1,neutral,0.011032581329345703,2.405175563336265,0.3456466080049176,0.9999982714653015
4237,final,1,combined,0.011032581329345703,2.9510999847804564,0.35933489308766325,0.9999982714653015
4237,final,1,neutral,0.011032581329345703,3.082683629638517,0.3607579471928692,0.9999982714653015
31935,final,-1,combined,0.0046458556316792965,2.2492501106514875,0.3302938193189429,0.9999982714653015
31935,final,-1,neutral,0.0046458556316792965,2.3272759200299102,0.3326780440035892,0.9999982714653015
31935,final,1,combined,0.0046458556316792965,2.586032689999614,0.34086340967673945,0.9999982714653015
31935,final,1,neutral,0.0046458556316792965,2.7355858060547393,0.34736471601465224,0.9999982714653015
13142,final,-1,combined,0.02037401869893074,2.4799570974260265,0.37549945254232825,0.9999982714653015
13142,final,-1,neutral,0.02037401869893074,2.591952307998807,0.3722358349820704,0.9999982714653015
13142,final,1,combined,0.02037401869893074,1.8773099876028485,0.34172939730458834,0.9999982118606567
13142,final,1,neutral,0.02037401869893074,1.9537973209310704,0.3355945679642431,0.9999982118606567
20117,final,-1,combined,0.01713176630437374,2.140523397889106,0.3512907794245895,0.9999982118606567
20117,final,-1,neutral,0.01713176630437374,2.288197516191344,0.35435098914800905,0.9999982118606567
20117,final,1,combined,0.01713176630437374,2.227155400735476,0.33538171532771827,0.9999982118606567
20117,final,1,neutral,0.01713176630437374,2.2971490523136855,0.33377196693381495,0.9999982118606567
4992,final,-1,combined,0.02289571613073349,2.639096892490189,0.3404781657242504,0.9999982714653015
4992,final,-1,neutral,0.02289571613073349,2.8652698839298574,0.35115592616914004,0.9999982714653015
4992,final,1,combined,0.02289571613073349,2.196901094445537,0.354320251167797,0.9999982714653015
4992,final,1,neutral,0.02289571613073349,2.2795643900826943,0.35465813045050276,0.9999982714653015
47380,final,-1,combined,0.01937602460384369,3.446491038166027,0.3700888316733623,0.9999982714653015
47380,final,-1,neutral,0.01937602460384369,3.647026266371131,0.3674692231232964,0.9999982714653015
47380,final,1,combined,0.01937602460384369,1.9936247944468688,0.31801952219483887,0.9999982714653015
47380,final,1,neutral,0.01937602460384369,2.0944291637508634,0.31995765994740427,0.9999982714653015
11870,all,-1,combined,-0.015661176294088364,1.0206306966573537,0.3009927724003462,0.9999220967292786
11870,all,-1,neutral,-0.015661176294088364,1.0615078077786626,0.29692510561494473,0.9999220967292786
11870,all,1,combined,-0.015661176294088364,3.142362481857307,0.34846047131532726,0.9999982714653015
11870,all,1,neutral,-0.015661176294088364,3.362239915658974,0.3580352931480422,0.9999982714653015
47503,all,-1,combined,0.07667230814695358,4.883693568216864,0.4529430633402416,0.9995517730712891
47503,all,-1,neutral,0.07667230814695358,4.998086650715665,0.4380597550086106,0.9995517730712891
47503,all,1,combined,0.07667230814695358,0.8572739960843069,0.38237901585601264,0.9998276233673096
47503,all,1,neutral,0.07667230814695358,0.8586445361729886,0.3609180810900464,0.9998276233673096
15307,all,-1,combined,0.04720905050635338,3.5757325804294755,0.351430386516726,0.9999979734420776
15307,all,-1,neutral,0.04720905050635338,3.8145910724574095,0.3603279890999083,0.9999979734420776
15307,all,1,combined,0.04720905050635338,0.7197891752891071,0.299508306408905,0.9980994462966919
15307,all,1,neutral,0.04720905050635338,0.7302849388581575,0.27853362865700654,0.9980994462966919
62440,all,-1,combined,-0.044546112418174744,0.6971054313053292,0.25357506390891366,0.9343947172164917
62440,all,-1,neutral,-0.044546112418174744,0.7255537417220368,0.24241159733747183,0.9343947172164917
62440,all,1,combined,-0.044546112418174744,3.0277534940582504,0.3241621891327944,0.9999982714653015
62440,all,1,neutral,-0.044546112418174744,3.1946438754918387,0.32709701399136987,0.9999982714653015
39254,all,-1,combined,-0.016318731009960175,4.088271792215095,0.41180431897019354,0.0004552712489385158
39254,all,-1,neutral,-0.016318731009960175,4.12148151579339,0.3940945500143685,0.0004552712489385158
39254,all,1,combined,-0.016318731009960175,2.261882629480253,0.33395974600623973,0.9999982118606567
39254,all,1,neutral,-0.016318731009960175,2.390971180555576,0.3399786478258112,0.9999982118606567
33404,all,-1,combined,0.05265919491648674,2.3310873038478754,0.30892379843157025,0.04671575501561165
33404,all,-1,neutral,0.05265919491648674,2.3712093938506906,0.30788019119618976,0.04671575501561165
33404,all,1,combined,0.05265919491648674,0.710040671767604,0.23947066852973634,0.9953156113624573
33404,all,1,neutral,0.05265919491648674,0.7317564619831033,0.2220989909872764,0.9953156113624573
60415,all,-1,combined,0.056993789970874786,3.102292630634762,0.4049477086516005,0.9984577894210815
60415,all,-1,neutral,0.056993789970874786,3.1982689322368305,0.3886633109745455,0.9984577894210815
60415,all,1,combined,0.056993789970874786,0.6207860952602126,0.24600444537011115,0.998715877532959
60415,all,1,neutral,0.056993789970874786,0.6352068408286603,0.22497872145202844,0.998715877532959
55159,all,-1,combined,-0.011667696759104729,6.506472132245893,0.27651684147668343,0.00014931107580196112
55159,all,-1,neutral,-0.011667696759104729,6.483898661427897,0.24060079689360694,0.00014931107580196112
55159,all,1,combined,-0.011667696759104729,1.244496093763857,0.3790936852295578,0.9999567270278931
55159,all,1,neutral,-0.011667696759104729,1.2768097507577947,0.3672774566997376,0.9999567270278931
30498,all,-1,combined,0.026709500700235367,3.8370949803137226,0.43347215449496057,0.9999982118606567
30498,all,-1,neutral,0.026709500700235367,3.975733088149923,0.4226440262916162,0.9999982118606567
30498,all,1,combined,0.026709500700235367,0.6001060672836098,0.22296254264346663,0.9979470372200012
30498,all,1,neutral,0.026709500700235367,0.613289679456492,0.19842509268391706,0.9979470372200012
7107,all,-1,combined,0.050126925110816956,3.7901204616109703,0.3557621452140858,0.9997957348823547
7107,all,-1,neutral,0.050126925110816956,4.084989689481374,0.35844135444533687,0.9997957348823547
7107,all,1,combined,0.050126925110816956,0.9467525633908855,0.37722355812002106,0.9218576550483704
7107,all,1,neutral,0.050126925110816956,0.9564899454822693,0.3562940241245757,0.9218576550483704
18729,all,-1,combined,-0.0017486745491623878,2.499451274681885,0.44049464594970156,0.9999934434890747
18729,all,-1,neutral,-0.0017486745491623878,2.5482995228851135,0.4266447338665193,0.9999934434890747
18729,all,1,combined,-0.0017486745491623878,3.197375707359014,0.5850615770428389,0.9999619126319885
18729,all,1,neutral,-0.0017486745491623878,3.2306483553767618,0.5706587569611306,0.9999619126319885
54533,all,-1,combined,0.0465414896607399,1.8518812067860677,0.34939485684856564,0.9998448491096497
54533,all,-1,neutral,0.0465414896607399,1.9523148084424267,0.34616759894893356,0.9998448491096497
54533,all,1,combined,0.0465414896607399,0.8617342503009497,0.2668089851444771,0.9858627319335938
54533,all,1,neutral,0.0465414896607399,0.8863423729522008,0.2503640273849317,0.9858627319335938
17502,all,-1,combined,0.09051515907049179,4.498682774375915,0.3704104564838571,0.9999982714653015
17502,all,-1,neutral,0.09051515907049179,4.795310575105412,0.37490043386586797,0.9999982714653015
17502,all,1,combined,0.09051515907049179,1.01526910425306,0.2263157703896903,0.5864924192428589
17502,all,1,neutral,0.09051515907049179,1.0238927030742395,0.19664831612236988,0.5864924192428589
19103,all,-1,combined,0.0033560318406671286,1.2962531010716642,0.39925894452932675,0.9998734593391418
19103,all,-1,neutral,0.0033560318406671286,1.3256912292608083,0.3850164414732485,0.9998734593391418
19103,all,1,combined,0.0033560318406671286,1.0189718921769977,0.2715950651084993,0.8221669793128967
19103,all,1,neutral,0.0033560318406671286,1.0593322871482085,0.26816225362025825,0.8221669793128967
58814,all,-1,combined,0.013265285640954971,1.908983883601159,0.39233426361626855,0.9999979734420776
58814,all,-1,neutral,0.013265285640954971,1.9677301945096601,0.38291452932931125,0.9999979734420776
58814,all,1,combined,0.013265285640954971,1.8795102639240369,0.4452224468075761,0.9992252588272095
58814,all,1,neutral,0.013265285640954971,1.934247569423566,0.42888013098040517,0.9992252588272095
52200,all,-1,combined,0.11000661551952362,4.609127828261604,0.43088745574032683,0.9999234080314636
52200,all,-1,neutral,0.11000661551952362,4.705592877053842,0.411329461147795,0.9999234080314636
52200,all,1,combined,0.11000661551952362,0.9436078358451405,0.34807747269214284,0.6330317854881287
52200,all,1,neutral,0.11000661551952362,0.946430169652266,0.3199891378871935,0.6330317854881287
13835,all,-1,combined,0.020046690478920937,3.9768521962532284,0.3271951569975602,0.0004376361903268844
13835,all,-1,neutral,0.020046690478920937,4.086407022120921,0.327365492159372,0.0004376361903268844
13835,all,1,combined,0.020046690478920937,13.845416006588515,0.22371626560360075,3.711685963025957e-07
13835,all,1,neutral,0.020046690478920937,13.865854428478066,0.20653340759476782,3.711685963025957e-07
55751,all,-1,combined,0.004028080031275749,19.579227041159044,0.4051136006017638,2.5185829116702863e-11
55751,all,-1,neutral,0.004028080031275749,19.61616239927505,0.39059037658010626,2.5185829116702863e-11
55751,all,1,combined,0.004028080031275749,0.8309857865160497,0.2736158110269592,0.9473519325256348
55751,all,1,neutral,0.004028080031275749,0.8639226976871414,0.2584856854485607,0.9473519325256348
4048,all,-1,combined,-0.001448196591809392,1.599307678811327,0.3603826651662673,0.9999972581863403
4048,all,-1,neutral,-0.001448196591809392,1.6536278086137306,0.35360205420435953,0.9999972581863403
4048,all,1,combined,-0.001448196591809392,1.548655194548075,0.2971809120870962,0.9999960660934448
4048,all,1,neutral,-0.001448196591809392,1.6370990561142469,0.3045949596269511,0.9999960660934448
33545,all,-1,combined,0.02508186176419258,1.6325816865510094,0.3072188866898516,0.9999978542327881
33545,all,-1,neutral,0.02508186176419258,1.6957815760711914,0.30757182936659677,0.9999978542327881
33545,all,1,combined,0.02508186176419258,1.2689868316827206,0.3057543081785673,0.9999354481697083
33545,all,1,neutral,0.02508186176419258,1.3319138634909582,0.30672235553606236,0.9999354481697083
38516,all,-1,combined,0.02106650359928608,1.8918061900636278,0.3156823811471005,0.9999977350234985
38516,all,-1,neutral,0.02106650359928608,1.9938710496684648,0.3208633539730502,0.9999977350234985
38516,all,1,combined,0.02106650359928608,0.8015766318498523,0.25476068827827814,0.9510674476623535
38516,all,1,neutral,0.02106650359928608,0.8298633610982689,0.2449642165025863,0.9510674476623535
18195,all,-1,combined,0.023116346448659897,2.9182068659600144,0.40299344504744017,0.9999474287033081
18195,all,-1,neutral,0.023116346448659897,3.0478914182073886,0.38983754749637034,0.9999474287033081
18195,all,1,combined,0.023116346448659897,1.1077275635858161,0.35691579861125955,0.9993090033531189
18195,all,1,neutral,0.023116346448659897,1.1425049352466294,0.34748233247980914,0.9993090033531189
19760,all,-1,combined,-0.02533065900206566,0.9113542581436559,0.2668613444358064,0.9893292188644409
19760,all,-1,neutral,-0.02533065900206566,0.9626146237326949,0.2603125151414073,0.9893292188644409
19760,all,1,combined,-0.02533065900206566,2.4560314306681152,0.3611199332811388,0.9998410940170288
19760,all,1,neutral,-0.02533065900206566,2.566126328337659,0.3586661072099726,0.9998410940170288
23671,all,-1,combined,0.0020720940083265305,2.1752122275496677,0.3788961527562487,0.9994233846664429
23671,all,-1,neutral,0.0020720940083265305,2.30502981297234,0.3769516521756211,0.9994233846664429
23671,all,1,combined,0.0020720940083265305,0.7095407845141435,0.2639439465427857,0.970718502998352
23671,all,1,neutral,0.0020720940083265305,0.7249990620341225,0.24607554221681402,0.970718502998352
1400,all,-1,combined,-0.0009813366923481226,1.988976647234276,0.3794914110276184,0.9982978105545044
1400,all,-1,neutral,-0.0009813366923481226,1.9749179828864958,0.3629707397133287,0.9982978105545044
1400,all,1,combined,-0.0009813366923481226,4.185852052299898,0.5893811354599049,0.9999982118606567
1400,all,1,neutral,-0.0009813366923481226,4.190680048611483,0.5750253578077535,0.9999982118606567
41043,all,-1,combined,0.005147683899849653,2.7836443796990666,0.27519470490693543,1.5426376194227487e-05
41043,all,-1,neutral,0.005147683899849653,2.8307187461869074,0.27316147936457974,1.5426376194227487e-05
41043,all,1,combined,0.005147683899849653,1.5729447962337388,0.31089839645976325,0.9997724294662476
41043,all,1,neutral,0.005147683899849653,1.63965772793407,0.30888275765922646,0.9997724294662476
29425,all,-1,combined,-0.018174264580011368,0.9453464649939511,0.2855450508614662,0.9984831809997559
29425,all,-1,neutral,-0.018174264580011368,0.9850526618196385,0.28016810615298393,0.9984831809997559
29425,all,1,combined,-0.018174264580011368,1.4233800555973526,0.3002633686204492,0.9999963045120239
29425,all,1,neutral,-0.018174264580011368,1.4963706174132478,0.30000324900927927,0.9999963045120239
6020,all,-1,combined,-0.009417647495865822,1.0647711693131132,0.2936987661657357,0.9987426996231079
6020,all,-1,neutral,-0.009417647495865822,1.1279640460130236,0.29419837553655814,0.9987426996231079
6020,all,1,combined,-0.009417647495865822,1.9331650999766419,0.3003647233989027,0.9999982118606567
6020,all,1,neutral,-0.009417647495865822,2.0656735157807593,0.31024459580640085,0.9999982118606567
17838,all,-1,combined,0.06822274625301361,3.303727884978778,0.3361998601403939,0.9993844032287598
17838,all,-1,neutral,0.06822274625301361,3.4487400613780426,0.3335420265150246,0.9993844032287598
17838,all,1,combined,0.06822274625301361,0.6573221906209104,0.2446447958385309,0.8693705201148987
17838,all,1,neutral,0.06822274625301361,0.6648862160562808,0.21628126528348615,0.8693705201148987
23552,all,-1,combined,-0.001987030729651451,1.7409196105205453,0.3548336921174349,0.9985368251800537
23552,all,-1,neutral,-0.001987030729651451,1.8161153357633186,0.35246003432808626,0.9985368251800537
23552,all,1,combined,-0.001987030729651451,1.1518326374043426,0.38525664268299653,0.4805421829223633
23552,all,1,neutral,-0.001987030729651451,1.1639864512355973,0.3645915239111261,0.4805421829223633
184,all,-1,combined,0.018252460286021233,2.2675559775029885,0.37073564353603383,0.9999979734420776
184,all,-1,neutral,0.018252460286021233,2.364646646732135,0.36746574176727786,0.9999979734420776
184,all,1,combined,0.018252460286021233,1.425345888953863,0.3469317985286496,0.999936580657959
184,all,1,neutral,0.018252460286021233,1.4693176882120738,0.34159118864279897,0.999936580657959
4237,all,-1,combined,0.011032581329345703,1.7769692382446654,0.31887524412950957,0.9999042749404907
4237,all,-1,neutral,0.011032581329345703,1.8792177861863488,0.32369856293501625,0.9999042749404907
4237,all,1,combined,0.011032581329345703,1.2912068739573779,0.33452353362060927,0.9999938607215881
4237,all,1,neutral,0.011032581329345703,1.329736794885379,0.3308733404420695,0.9999938607215881
31935,all,-1,combined,0.0046458556316792965,1.3941368098056144,0.3345365105283294,0.9999951124191284
31935,all,-1,neutral,0.0046458556316792965,1.4349366530828418,0.33129411473576975,0.9999951124191284
31935,all,1,combined,0.0046458556316792965,1.553049488933335,0.3168209289559523,0.9999958276748657
31935,all,1,neutral,0.0046458556316792965,1.64216964703281,0.3204100276605071,0.9999958276748657
13142,all,-1,combined,0.02037401869893074,1.6384528958396198,0.37404134729316596,0.999997615814209
13142,all,-1,neutral,0.02037401869893074,1.7102395640524761,0.3689176926546248,0.999997615814209
13142,all,1,combined,0.02037401869893074,1.4000991158314993,0.3049175450588543,0.9998831748962402
13142,all,1,neutral,0.02037401869893074,1.4720084906007083,0.3014103943254525,0.9998831748962402
20117,all,-1,combined,0.01713176630437374,1.459148074247829,0.32515225829642763,0.9999978542327881
20117,all,-1,neutral,0.01713176630437374,1.5495299671335137,0.328580786467841,0.9999978542327881
20117,all,1,combined,0.01713176630437374,1.1291130202368198,0.28536650466195956,0.9997836351394653
20117,all,1,neutral,0.01713176630437374,1.1672241745151608,0.28337565133165415,0.9997836351394653
4992,all,-1,combined,0.02289571613073349,1.391641880996543,0.3174729831182224,0.9999945163726807
4992,all,-1,neutral,0.02289571613073349,1.4672848622941297,0.31967920701861985,0.9999945163726807
4992,all,1,combined,0.02289571613073349,1.3315363964428863,0.31740225394267996,0.9999982714653015
4992,all,1,neutral,0.02289571613073349,1.3823180860049218,0.3149664721836308,0.9999982714653015
47380,all,-1,combined,0.01937602460384369,1.8733136638022796,0.32818887799785157,0.9989149570465088
47380,all,-1,neutral,0.01937602460384369,1.9872974981300882,0.3305980922586311,0.9989149570465088
47380,all,1,combined,0.01937602460384369,1.3635143903771794,0.30364071697159956,0.999944269657135
47380,all,1,neutral,0.01937602460384369,1.4192598756099513,0.3024981031600983,0.999944269657135
